{"cameraMode":{"drawMode":0,"name":"Shaded","section":"Shading Mode"},"sceneLighting":true,"audioPlay":false,"sceneViewState":{"showFog":true,"showMaterialUpdate":true,"showSkybox":true,"showFlares":true,"showImageEffects":true,"showParticleSystems":true},"in2DMode":false,"pivot":{"x":-12.367103576660157,"y":-3.5706787109375,"z":-4.444976806640625},"rotation":{"x":0.32448235154151919,"y":-0.11426025629043579,"z":0.03952478989958763,"w":0.9381375312805176},"size":211.13095092773438,"orthographic":false}